epoch,accuracy,loss,lr,val_accuracy,val_loss
0,0.7835173010826111,0.6456871628761292,0.001,0.44083353877067566,2.0385355949401855
